date,year,quarter,starts_all,starts_private,comp_all,comp_private,hpi_index,hpi_price,base_rate,transactions_sa,transactions_spliced_flag,housing_stock_eng,epc_lodgements
1978-01-01,1978,1,45700,25880,57360,30230,730.9385171284425,13820.145190252571,6.5317333333333325,,1,17603000.0,
1978-04-01,1978,2,69520,39760,61450,32930,766.4117139715103,14490.851028357225,8.525833333333333,,1,17654116.15623475,
1978-07-01,1978,3,59340,34490,59160,30620,841.5727449063268,15911.950526915596,10.0,,1,17703225.941123694,
1978-10-01,1978,4,52130,33450,63340,33660,889.7400277483988,16822.668496619226,11.4394,,1,17747104.29331958,
1979-01-01,1979,1,31960,19060,43380,24810,941.0682885269819,17793.152333084658,13.041666666666666,,1,17782000.0,
1979-04-01,1979,2,54080,33300,48790,27840,1008.853704276606,19074.79814253216,12.465333333333334,,1,17805797.950202204,
1979-07-01,1979,3,52850,34260,47160,26130,1083.4628184288572,20485.462331021008,14.0,,1,17823651.507907994,
1979-10-01,1979,4,51690,34510,70130,39600,1161.7848273001844,21966.327696341177,15.545466666666668,,1,17841159.02874544,
1980-01-01,1980,1,33160,20470,49600,27730,1199.365342767593,22676.87744562037,17.0,,1,17864000.0,
1980-04-01,1980,2,38710,25210,49400,26250,1234.8385396106605,23347.583283725016,17.0,,1,17895991.761485867,
1980-07-01,1980,3,32500,20120,51250,27050,1249.690118486966,23628.387991050306,16.029,,1,17934898.49588804,
1980-10-01,1980,4,25370,17500,52360,27620,1242.7660715784182,23497.472282905408,15.200000000000001,,1,17977103.928781528,
1981-01-01,1981,1,28260,22790,46070,24900,1255.0587635537388,23729.89509809019,13.545466666666668,,1,18018000.0,
1981-04-01,1981,2,35940,27720,40370,21820,1274.5263737024095,24097.97694417874,12.0,,1,18053731.847779233,
1981-07-01,1981,3,36290,27830,40880,24110,1279.292927733656,24188.100076597322,12.513633333333333,,1,18086817.325063955,
1981-10-01,1981,4,30270,21270,41100,26070,1258.671309766894,23798.19894581796,14.609966666666667,,1,18119553.096486572,
1982-01-01,1982,1,37910,27730,35670,23610,1278.6908366981302,24176.71610197603,13.796366666666666,,1,18154000.0,
1982-04-01,1982,2,45370,33340,33610,23990,1305.23301651423,24678.559649864797,13.012866666666667,,1,18191135.846444454,
1982-07-01,1982,3,43750,33340,35790,25900,1320.5863379201405,24968.85100270783,11.3528,,1,18231625.590753503,
1982-10-01,1982,4,38630,28050,41600,31300,1352.8985568266974,25579.790974050688,9.682466666666667,,1,18274439.200349495,
1983-01-01,1983,1,47170,34450,35990,26890,1391.3822088473944,26307.41668526181,10.817566666666666,,1,18318000.0,
1983-04-01,1983,2,53860,41890,41710,31050,1448.4303344634734,27386.048280629548,10.017266666666666,,1,18360419.90830048,
1983-07-01,1983,3,46700,38600,41610,30470,1490.1753129266026,28175.337187706027,9.5606,,1,18402955.1473765,
1983-10-01,1983,4,41290,32900,48500,36230,1513.8575603239544,28623.10685614364,9.0625,,1,18445627.063040014,
1984-01-01,1984,1,42690,31910,42500,32940,1569.5008068571399,29675.17584406169,8.945066666666667,,1,18488000.0,
1984-04-01,1984,2,48320,37980,40880,30010,1630.7133954689396,30832.54659722672,8.845233333333333,,1,18529600.93099491,
1984-07-01,1984,3,43110,34830,44080,33050,1652.990763783398,31253.75365821465,10.890166666666667,,1,18570672.906523123,
1984-10-01,1984,4,34600,28690,47930,36720,1721.177573556706,32542.988784076344,9.954533333333332,,1,18611383.648974925,
1985-01-01,1985,1,35470,28470,39370,30930,1755.9483308583272,33200.41331845616,12.962299999999999,,1,18651000.0,
1985-04-01,1985,2,47980,39720,40320,31420,1807.4271143957915,34173.74314857691,12.475,,1,18688909.474717323,
1985-07-01,1985,3,45750,39110,39340,31190,1835.2738247888642,34700.25197481182,11.570666666666668,,1,18728582.00413135,
1985-10-01,1985,4,40730,33810,45070,36460,1874.2090450862058,35436.41566698892,11.375,,1,18772819.158179976,
1986-01-01,1986,1,37360,30860,36750,30410,1885.347729243435,35647.019197482885,12.115833333333333,,1,18824000.0,
1986-04-01,1986,2,52180,44470,41840,34050,1957.699002012464,37014.99348114188,10.325766666666667,,1,18882393.832940593,
1986-07-01,1986,3,51230,43910,41430,34750,2023.0760536199844,38251.103392104196,9.875,,1,18946950.59696409,
1986-10-01,1986,4,41000,34750,50340,41860,2094.0726215590803,39593.463732865275,10.730066666666668,,1,19013766.106233194,
1987-01-01,1987,1,45620,39030,41360,35580,2162.2092570794275,40881.7501941752,10.670466666666668,427033.60384650494,1,19078000.0,
1987-04-01,1987,2,52340,44760,43220,36370,2273.545924398759,42986.83683456307,9.218433333333333,461166.58610994386,1,19135218.54067479,
1987-07-01,1987,3,53020,47370,43820,37020,2350.0616601635083,44433.55027601935,9.491666666666667,494500.2967032221,1,19187876.041998465,
1987-10-01,1987,4,45820,40040,49890,42890,2345.897197167788,44354.81111822207,9.027933333333332,504003.33400725876,1,19237197.982207023,
1988-01-01,1988,1,50810,45040,46820,41120,2384.8324174651293,45090.97481039916,8.628633333333333,555269.9620237981,1,19284000.0,
1988-04-01,1988,2,60540,54280,47000,40130,2587.98796770216,48932.11758053457,7.9543333333333335,582163.4127509209,1,19329141.2957205,
1988-07-01,1988,3,55580,49640,49790,43160,2874.633474865449,54351.83816482294,10.8898,519627.9759152121,1,19374188.04729145,
1988-10-01,1988,4,50360,44520,50200,43380,3027.664946394949,57245.26504773551,12.268933333333335,432269.03079965024,1,19420634.373048484,
1989-01-01,1989,1,46540,40220,44750,39190,3148.7354187886153,59534.39261116766,12.875,374508.1558683944,1,19469000.0,
1989-04-01,1989,2,48430,41780,42210,36680,3292.033085243779,62243.77857103595,13.222233333333334,358718.9193001938,1,19518175.535084948,
1989-07-01,1989,3,38870,33390,42850,36190,3320.481886672378,62781.67137189216,13.760866666666667,393639.32241825573,1,19565783.74918843,
1989-10-01,1989,4,31380,26070,45140,38820,3252.4455996579513,61495.28223968579,14.806833333333335,403475.4993146329,1,19606639.70920917,
1990-01-01,1990,1,35080,29470,41020,34840,3151.4950027014424,59586.56916151526,14.875,398956.3883228837,1,19635000.0,
1990-04-01,1990,2,36190,30440,38630,31540,3119.5340035656086,58982.26984203483,14.875,317647.9429180117,1,19647884.647970453,
1990-07-01,1990,3,33420,28310,40430,33010,3027.664946394949,57245.26504773551,14.875,331541.0490001637,1,19652361.228954576,
1990-10-01,1990,4,28780,24510,43830,36660,2904.6376781358235,54919.139566784164,13.947466666666665,360252.9415336984,1,19657069.754339244,
1991-01-01,1991,1,30230,25700,37150,31280,2884.9687222622433,54547.25079701261,13.383333333333333,368506.3761771378,1,19671000.0,
1991-04-01,1991,2,37560,32500,38960,32150,2931.046582193702,55418.4632169171,11.732166666666666,356174.9442314119,1,19699881.597641665,
1991-07-01,1991,3,36410,31460,38780,32890,2903.7974989683426,54903.25396517977,10.789433333333333,336324.8282055905,1,19740960.332779985,
1991-10-01,1991,4,29600,24650,39710,34860,2836.7272966833607,53635.13098110233,10.375,331833.3691167629,1,19788531.485697057,
1992-01-01,1992,1,34370,26940,37690,32150,2760.1164580469217,52186.61939183476,10.375,317516.26718981384,1,19836000.0,
1992-04-01,1992,2,36510,28910,33850,28550,2785.3134648329765,52663.029218356285,10.050433333333332,308000.0623129574,1,19878089.45270519,
1992-07-01,1992,3,32570,24510,36240,29850,2763.1008388209702,52243.04626582463,9.768933333333335,298510.1925817405,1,19915899.344074026,
1992-10-01,1992,4,25850,19230,36050,28980,2653.357253604975,50168.0806622301,7.5178666666666665,251753.4582559765,1,19951698.53052973,
1993-01-01,1993,1,38810,29110,36320,28530,2651.25770068534,50128.383580322356,6.141666666666667,305823.4625258474,1,19987000.0,
1993-04-01,1993,2,41080,31560,35610,27890,2745.9167024324443,51918.13896610876,5.875,341248.183682907,1,20022604.451909643,
1993-07-01,1993,3,38320,30130,35910,28550,2736.8261877223317,51746.26098977575,5.875,325609.0574448519,1,20059918.675497692,
1993-10-01,1993,4,33020,25660,40000,31670,2699.994721295689,51049.87380855861,5.662866666666666,321147.88377350976,1,20098885.589056294,
1994-01-01,1994,1,41660,32590,36200,27950,2714.6361616137074,51326.70534260387,5.229166666666667,351403.0158415229,1,20139000.0,
1994-04-01,1994,2,47260,36980,36560,29220,2716.4976991715507,51361.90217342293,5.125,340408.0925370049,1,20179217.67879199,
1994-07-01,1994,3,42240,33470,40000,31810,2736.0235427225907,51731.08506160572,5.2386333333333335,318478.8167629399,1,20220576.42153004,
1994-10-01,1994,4,34270,28360,41880,33730,2756.250724621921,52113.52843281648,5.758333333333333,328624.431620582,1,20262766.88022323,
1995-01-01,1995,1,36000,29220,39520,30990,2701.802275279119,51084.04995047046,6.45,308622.88850733306,1,20305000.0,
1995-04-01,1995,2,40770,33040,40260,31880,2730.835887419729,51633.0,6.625,282780.2100912289,1,20346056.426657367,
1995-07-01,1995,3,33480,27280,37690,30690,2715.021971313004,51334.0,6.625,293548.6511432466,1,20387110.164801266,
1995-10-01,1995,4,25990,20870,39670,31910,2693.6546732958914,50930.0,6.576766666666667,322214.4571719121,1,20427969.251921847,
1996-01-01,1996,1,32750,26960,36980,29140,2716.7673199134115,51367.0,6.122833333333333,326342.49125091376,1,20468000.0,
1996-04-01,1996,2,37750,31590,35220,28570,2804.8280902067095,53032.0,5.866666666666667,335669.0830791654,1,20506704.471289996,
1996-07-01,1996,3,39200,33100,36780,30300,2856.4480972975553,54008.0,5.6875,366105.92765209154,1,20544847.853222087,
1996-10-01,1996,4,35000,29940,40110,33550,2917.85263442099,55169.0,5.8614,399185.5040899479,1,20583273.763110913,
1997-01-01,1997,1,41280,35320,34140,28750,2951.754708750121,55810.0,5.9375,395156.22680709464,1,20622000.0,
1997-04-01,1997,2,42050,35360,38410,33090,3088.896797260945,58403.0,6.2029,408488.3942871239,1,20660458.85958386,
1997-07-01,1997,3,39100,34340,36810,31660,3213.239662702112,60754.0,6.874633333333333,391179.6198155205,1,20699638.79766898,
1997-10-01,1997,4,35140,31060,40140,34730,3270.148604945709,61830.0,7.154166666666666,337787.7455458683,1,20739111.004176497,
1998-01-01,1998,1,39880,35530,34200,28350,3326.8988791347233,62903.0,7.25,347871.47281125735,1,20778000.0,
1998-04-01,1998,2,40040,34770,36250,31320,3449.496395975483,65221.0,7.321966666666667,343863.2636449157,1,20815188.892380584,
1998-07-01,1998,3,38610,34240,35030,30580,3510.0547034744777,66366.0,7.5,341441.7470033578,1,20852208.068482805,
1998-10-01,1998,4,30870,27270,37170,32260,3507.2439427325608,66312.85582899507,6.848299999999999,329642.28499955114,1,20889468.92448682,
1999-01-01,1999,1,37670,32760,31810,27040,3568.8445754324944,67477.56348603446,5.704166666666667,346474.3933350785,1,20927000.0,
1999-04-01,1999,2,39250,34240,34080,29980,3702.777320910492,70009.88316116497,5.205666666666667,383784.7109199309,1,20964215.171656728,
1999-07-01,1999,3,38010,33540,36840,32450,3827.1887363995725,72362.17926417878,5.0644,387886.409853293,1,21001836.25956525,
1999-10-01,1999,4,33450,29750,38280,33720,3947.5344105075096,74637.6027782173,5.4053,376902.0206070308,1,21039145.80040437,
2000-01-01,2000,1,39030,35210,32590,28320,4109.380123914246,77697.68403715588,5.859733333333334,362110.88605856965,1,21075000.0,
2000-04-01,2000,2,38770,34970,34770,30440,4294.703848999619,81201.67339858702,6.0,374433.1007033217,1,21108597.299770065,
2000-07-01,2000,3,36100,32830,32280,28490,4280.62245794429,80935.43093864674,6.0,358223.81856216997,1,21141026.68302485,
2000-10-01,2000,4,28710,25460,35450,31090,4317.255542993873,81628.06724428438,6.0,382733.9386089123,1,21173614.090521082,
2001-01-01,2001,1,36910,33020,30750,26630,4441.450663621439,83976.2737743451,5.854166666666667,393124.47032100224,1,21207000.0,
2001-04-01,2001,2,39450,35720,31400,28020,4635.107265559362,87637.81615187277,5.3703,421653.333592342,1,21241193.431946933,
2001-07-01,2001,3,38360,35390,32320,29210,4815.511763975224,91048.79573860565,5.049633333333333,432500.7800812784,1,21277241.579091065,
2001-10-01,2001,4,32050,29190,35030,30980,4894.010364894732,92533.0,4.2154,407166.3699760178,1,21314908.435710352,
2002-01-01,2002,1,39140,35070,31110,27490,5043.317004256884,95356.0,4.0,486108.602545175,1,21353516.0,
2002-04-01,2002,2,38600,34840,34060,30820,5474.100772448422,103501.0,4.0,470091.56696719216,1,21391962.961550727,
2002-07-01,2002,3,40460,36650,32750,29640,5861.726829793514,110830.0,4.0,451836.04400984634,1,21431479.482531637,
2002-10-01,2002,4,32500,29410,38880,35370,6131.99141609907,115940.0,4.0,464146.4078390606,1,21472095.95900087,
2003-01-01,2003,1,41510,37790,32050,28630,6343.441505445615,119937.97091927993,3.845833333333333,400861.73610990617,1,21513391.0,
2003-04-01,2003,2,42480,37580,35450,32370,6631.3669359855585,125381.89152379334,3.75,404237.9017808983,1,21554457.820596486,
2003-07-01,2003,3,40730,36540,34170,30920,6862.9652346785715,129760.81264882484,3.5253666666666668,482237.3361361591,1,21596683.59328619,
2003-10-01,2003,4,36550,33480,42390,39130,7082.028256875338,133902.72431667423,3.654166666666667,518025.48230304464,1,21640126.008791935,
2004-01-01,2004,1,42560,38210,31950,27670,7416.394952876327,140224.72839394287,3.904166666666667,497174.6307429198,1,21684360.0,
2004-04-01,2004,2,48010,43020,39360,35730,7852.067873711225,148462.1695470702,4.214733333333333,464222.7797614153,1,21728942.31794352,
2004-07-01,2004,3,45650,41310,39910,36120,8117.558001829244,153481.89696762565,4.654766666666666,367007.9063902466,1,21774463.991553906,
2004-10-01,2004,4,40470,34610,42850,37810,8063.745578771139,152464.44408715086,4.75,320442.10187036946,1,21821574.13250413,
2005-01-01,2005,1,40190,35380,33770,29470,8080.9749334157605,152790.2063464151,4.75,326426.0509351847,1,21869913.0,
2005-04-01,2005,2,46680,40820,40920,36710,8329.75525005655,157493.99471696085,4.75,332410.0,0,21918461.516312,
2005-07-01,2005,3,45200,39940,37930,33550,8336.799359001505,157627.180485769,4.5947,346670.0,0,21968649.20495387,
2005-10-01,2005,4,41830,36660,46830,42010,8324.105208708628,157387.1671385402,4.5,366900.0,0,22020278.56765854,
2006-01-01,2006,1,49660,42900,37720,32670,8479.16363244962,160318.91841290306,4.5,398120.0,0,22072566.0,
2006-04-01,2006,2,43960,38900,43250,38350,8728.590833300856,165034.93768043967,4.5,405650.0,0,22124210.039098702,
2006-07-01,2006,3,41190,36420,37670,32340,8909.734548004582,168459.89392346563,4.6591,425080.0,0,22177129.900246076,
2006-10-01,2006,4,35810,30990,42220,36550,9100.382788140067,172064.55600816399,4.893933333333333,439620.0,0,22231650.652560677,
2007-01-01,2007,1,49370,43040,44540,38450,9284.93972358041,175554.04737287393,5.2235000000000005,439810.0,0,22287502.0,
2007-04-01,2007,2,47640,41470,43690,38940,9615.83497401397,181810.41544843017,5.3928666666666665,416430.0,0,22343463.9322539,
2007-07-01,2007,3,46330,40440,39360,34620,9738.562940694645,184130.8819154249,5.7386333333333335,408280.0,0,22400357.414393585,
2007-10-01,2007,4,40260,34950,49050,42210,9729.46734449886,183958.90786142173,5.679833333333334,354360.0,0,22456871.168990936,
2008-01-01,2008,1,36210,29290,38510,31410,9486.39745250438,179363.08876032973,5.3492,294880.0,0,22511036.0,
2008-04-01,2008,2,33290,25400,38600,32750,9229.958162858462,174514.48914169855,5.0264999999999995,259330.0,0,22561246.669211812,
2008-07-01,2008,3,20970,15670,33240,27230,8736.710161967185,165188.45305606507,5.0,187810.0,0,22608117.48877246,
2008-10-01,2008,4,16420,12010,37660,29720,8294.50909839792,156827.58171243957,3.325533333333333,174900.0,0,22652386.405413166,55091.0
2009-01-01,2009,1,17330,12490,31490,24100,7918.019051631152,149709.13469251405,1.0794666666666666,170840.0,0,22693802.0,34399.0
2009-04-01,2009,2,20630,15360,31730,25590,8148.452963628431,154066.0402952881,0.5,193270.0,0,22731874.170993313,33980.0
2009-07-01,2009,3,25650,20160,29330,22210,8470.688295689832,160158.67185069327,0.5,223680.0,0,22768425.696894594,29877.0
2009-10-01,2009,4,22000,16990,32430,25720,8574.215627966209,162116.10428815728,0.5,259750.0,0,22803967.26654521,33064.0
2010-01-01,2010,1,27280,21260,26430,19520,8614.985035995185,162886.94769711408,0.5,216230.0,0,22838672.0,25933.0
2010-04-01,2010,2,33720,24930,27980,22400,8923.443805737239,168719.1003107008,0.5,229950.0,0,22872321.56837404,28838.0
2010-07-01,2010,3,28960,22400,24650,20210,8851.244380036462,167353.997059941,0.5,227020.0,0,22906336.31109832,28342.0
2010-10-01,2010,4,20700,16270,27670,21150,8619.446806694978,162971.30816989226,0.5,210810.0,0,22940959.67058549,30010.0
2011-01-01,2011,1,27770,21120,27590,19430,8588.112726482519,162378.8622557811,0.5,208500.0,0,22976066.0,30966.0
2011-04-01,2011,2,30940,23390,29560,23120,8820.027701772327,166763.77091115,0.5,216730.0,0,23010992.888048675,33740.0
2011-07-01,2011,3,29540,23660,25010,19650,8811.194041120312,166596.74937662765,0.5,227590.0,0,23046511.038033873,32303.0
2011-10-01,2011,4,25020,19620,31870,23690,8715.356679482822,164784.71427183633,0.5,229840.0,0,23082104.288069222,35545.0
2012-01-01,2012,1,25330,20630,32070,22670,8606.255135566458,162721.88799839217,0.5,241780.0,0,23116851.0,35469.0
2012-04-01,2012,2,24800,19820,29630,23160,8724.353720122514,164954.8248967513,0.5,225850.0,0,23150039.172983497,34676.0
2012-07-01,2012,3,27990,22230,24780,19670,8669.111644982524,163910.34101588427,0.5,228450.0,0,23182402.271495633,30387.0
2012-10-01,2012,4,22910,17580,29110,23250,8616.944395866265,162923.9940933071,0.5,235230.0,0,23214816.08860259,31239.0
2013-01-01,2013,1,27830,22350,24460,18480,8623.909935429256,163055.6943195685,0.5,239660.0,0,23247462.0,27960.0
2013-04-01,2013,2,33930,26420,28610,23780,8848.090458394086,167294.36460933823,0.5,259170.0,0,23280143.510799292,33301.0
2013-07-01,2013,3,35030,28370,26090,20610,9039.7,170918.0,0.5,274010.0,0,23314464.897957418,30309.0
2013-10-01,2013,4,28000,21680,30290,24140,9226.251505700211,174444.40590091003,0.5,294220.0,0,23351008.9516456,36752.0
2014-01-01,2014,1,38450,30870,27340,21110,9420.9,178124.0,0.5,311140.0,0,23389956.0,30913.0
2014-04-01,2014,2,38850,30170,30350,24670,9866.21075176273,186544.36983655585,0.5,311310.0,0,23430723.68855888,37484.0
2014-07-01,2014,3,36890,29220,27750,21640,9986.053154398141,188810.2777967449,0.5,304340.0,0,23474205.221334934,35319.0
2014-10-01,2014,4,26570,21530,32380,25430,9996.169184250666,189001.54559565638,0.5,296070.0,0,23519845.559025787,41523.0
2015-01-01,2015,1,41080,33630,34170,24520,9973.109673416573,188565.55025504233,0.5,287910.0,0,23566538.0,46011.0
2015-04-01,2015,2,37400,30450,37130,29090,10274.183476538545,194258.07236822028,0.5,304040.0,0,23612805.233321276,47695.0
2015-07-01,2015,3,37890,30810,32170,25610,10352.167575122994,195732.54872938144,0.5,314740.0,0,23660520.13676255,45018.0
2015-10-01,2015,4,31790,25700,39010,31480,10421.525666576392,197043.92974371143,0.5,319470.0,0,23710262.479821105,48020.0
2016-01-01,2016,1,36670,30500,31410,25160,10501.940763145647,198564.36995042174,0.5,387200.0,0,23762072.0,43892.0
2016-04-01,2016,2,40910,33490,36260,29730,10802.020156577975,204238.09036418528,0.5,264340.0,0,23815678.152639747,54560.0
2016-07-01,2016,3,42580,35870,35810,29590,10913.500569265654,206345.8948554107,0.3447,290200.0,0,23871068.605862975,51022.0
2016-10-01,2016,4,34990,28300,38400,30870,10891.87127568706,205936.9412011511,0.25,290770.0,0,23928081.670552693,54116.0
2017-01-01,2017,1,41810,34940,37050,30270,10930.403874917092,206665.4923767123,0.25,306970.0,0,23985307.0,47551.0
2017-04-01,2017,2,43360,35730,42160,34590,11105.241525910757,209971.217365659,0.25,308450.0,0,24040939.17179743,53673.0
2017-07-01,2017,3,41710,34020,36980,30360,11195.17780066877,211671.67827434,0.25,307020.0,0,24097203.517120477,51681.0
2017-10-01,2017,4,37230,30610,46280,38240,11182.53739265293,211432.681053713,0.41286666666666666,300950.0,0,24154713.967157304,58130.0
2018-01-01,2018,1,41500,34990,35480,28540,11201.552769482638,211792.212344616,0.5,291060.0,0,24213477.0,50700.0
2018-04-01,2018,2,42400,34720,42480,35020,11348.911531522243,214578.383053534,0.5,300150.0,0,24272624.69757158,62645.0
2018-07-01,2018,3,48060,39380,38660,31640,11429.522164259988,216102.520340334,0.6628666666666666,299230.0,0,24333938.884918135,57178.0
2018-10-01,2018,4,36650,29100,48870,40020,11327.750089437981,214178.275253512,0.75,298980.0,0,24397143.965106696,65080.0
2019-01-01,2019,1,39270,31900,39050,31590,11249.240186707893,212693.857304291,0.75,292160.0,0,24461243.0,55912.0
2019-04-01,2019,2,40090,31830,46310,37200,11419.314895681186,215909.527454545,0.75,294940.0,0,24524375.151651632,64162.0
2019-07-01,2019,3,43600,35350,42800,35220,11466.69343900747,216805.332412593,0.75,294620.0,0,24587702.644028466,59511.0
2019-10-01,2019,4,30040,23980,49720,39680,11420.121261182305,215924.773727714,0.75,294950.0,0,24650123.51669903,66474.0
2020-01-01,2020,1,34790,28050,36510,29100,11525.152045544706,217910.632531594,0.6159,285580.0,0,24709834.0,55492.0
2020-04-01,2020,2,17690,13560,16640,14180,11642.7,220133.0,0.10000000000000002,154670.0,0,24765590.773211934,28395.0
2020-07-01,2020,3,40510,31460,42110,34380,11865.013212102647,224336.522748478,0.10000000000000002,249080.0,0,24819206.540745445,60319.0
2020-10-01,2020,4,36450,29380,51400,42400,12154.96224407425,229818.704389915,0.10000000000000002,348190.0,0,24872857.327490475,63676.0
2021-01-01,2021,1,46000,37160,44510,36240,12251.5025055775,231644.029501966,0.10000000000000002,438040.0,0,24927588.0,60450.0
2021-04-01,2021,2,47060,37720,43910,35860,12836.712086022897,242708.819739393,0.10000000000000002,441970.0,0,24983369.520962726,58806.0
2021-07-01,2021,3,48070,38530,40940,32920,13091.963160631525,247534.953303838,0.10000000000000002,333970.0,0,25041647.287221845,56825.0
2021-10-01,2021,4,36030,28770,45580,37120,13386.96540561738,253112.678053071,0.12380000000000001,268560.0,0,25101687.58438206,58493.0
2022-01-01,2022,1,44190,35670,40810,33160,13792.009926198387,260771.015863667,0.4482,331260.0,0,25162050.0,56508.0
2022-04-01,2022,2,57270,46910,46330,37860,14304.016937151926,270451.736011791,0.9545666666666666,317770.0,0,25220747.039255753,62101.0
2022-07-01,2022,3,47720,35310,40650,32850,14445.93859006619,273135.10513649,1.6161666666666665,309060.0,0,25279537.46432029,60580.0
2022-10-01,2022,4,32890,24880,50570,41040,14026.005596666088,265195.265050122,2.8105999999999995,306710.0,0,25338315.21907343,63449.0
2023-01-01,2023,1,38630,28840,37300,27790,13651.550011885129,258115.284411936,3.8503666666666665,274880.0,0,25396342.0,51468.0
2023-04-01,2023,2,72980,53690,40730,31380,13856.74127583021,261994.917230621,4.4447,245790.0,0,25452295.19276798,55431.0
2023-07-01,2023,3,21990,17530,40470,32500,13760.81984969816,260181.292685004,5.1591,257880.0,0,25507967.80483874,55852.0
2023-10-01,2023,4,17000,12800,44770,33310,13706.626926719864,259156.645541238,5.25,244690.0,0,25563242.39403718,57102.0
2024-01-01,2024,1,24480,17100,34360,24970,13793.048309033016,260790.648980819,5.25,252840.0,0,25617413.0,52705.0
2024-04-01,2024,2,27340,18690,44630,34720,14016.33869342106,265012.489066567,5.25,274860.0,0,,52510.0
2024-07-01,2024,3,30750,21440,34000,26100,14102.424363297396,266640.145057614,5.083333333333333,277810.0,0,,49103.0
2024-10-01,2024,4,25570,18780,40850,29910,14201.744951114779,268518.038904842,4.8492,289310.0,0,,53754.0
2025-01-01,2025,1,29220,21960,32560,23690,14325.996626122378,270867.314731054,4.595833333333333,381340.0,0,,45413.0
2025-04-01,2025,2,31770,23400,37000,27900,14425.606527523709,272750.678745255,4.3500000000000005,243910.0,0,,50705.0
2025-07-01,2025,3,31420,23270,30880,23170,14429.199396333346,272818.61054449,4.1000000000000005,289550.0,0,,49260.0
