date,year,quarter,starts_all,starts_private,comp_all,comp_private,hpi_index,hpi_price,hpi_index_rebased,base_rate,transactions_england,transactions_spliced_flag,housing_stock_eng,epc_lodgements,cpih_hist_flag,hpi_real,lrprc,cc_real,lrcc,cc_spliced_flag,lhstarts,lvol,lstock
1978-01-01,1978,1,45700,25880,57360,30230,730.9385171284425,13820.145190252571,7.127459200026921,6.5317333333333325,,,17603000.0,,1,27.94548465000543,3.330255635566637,40.90719536171103,3.7113059732898486,1,10.161225748614838,,16.68357990002811
1978-04-01,1978,2,69520,39760,61450,32930,766.4117139715103,14490.851028357225,7.4733621142511835,8.525833333333333,,,17654116.15623475,,1,28.630676243073093,3.354478738917455,44.67278810942129,3.7993645491185384,1,10.590616660770511,,16.68647952413933
1978-07-01,1978,3,59340,34490,59160,30620,841.5727449063268,15911.950526915596,8.206265318647143,10.0,,,17703225.941123694,,1,31.07695923405793,3.436466683971098,47.35484930714189,3.8576692284777083,1,10.448424705930886,,16.68925743749801
1978-10-01,1978,4,52130,33450,63340,33660,889.7400277483988,16822.668496619226,8.67594961518928,11.4394,,,17747104.29331958,,1,32.51680564199864,3.481757052364157,47.72905465012957,3.865540324622824,1,10.417807065556374,,16.69173292217265
1979-01-01,1979,1,31960,19060,43380,24810,941.0682885269819,17793.152333084658,9.176456943691996,13.041666666666666,,,17782000.0,,1,33.5845073654699,3.514064870320936,45.48444042261131,3.8173702987384464,1,9.855347177208193,,16.69369726766322
1979-04-01,1979,2,54080,33300,48790,27840,1008.853704276606,19074.79814253216,9.837439740179937,12.465333333333334,,,17805797.950202204,,1,35.0817931174744,3.557682281290991,49.79147325724219,3.9078437496367426,1,10.413312675968536,,16.695034689764064
1979-07-01,1979,3,52850,34260,47160,26130,1083.4628184288572,20485.462331021008,10.564961145344686,14.0,,,17823651.507907994,,1,36.03814655231972,3.5845780039015964,52.598637062476115,3.9626902080481896,1,10.441733771878111,,16.696036869672632
1979-10-01,1979,4,51690,34510,70130,39600,1161.7848273001844,21966.327696341177,11.328687381701219,15.545466666666668,,,17841159.02874544,,1,37.879091475059425,3.6343992837393158,52.841005414978184,3.967287507008648,1,10.449004416092048,,16.697018650984813
1980-01-01,1980,1,33160,20470,49600,27730,1199.365342767593,22676.87744562037,11.6951389838992,17.0,,,17864000.0,,1,37.91356195977603,3.6353088834308718,49.98838992434031,3.911790776952007,1,9.926715678655334,,16.69829807250213
1980-04-01,1980,2,38710,25210,49400,26250,1234.8385396106605,23347.583283725016,12.041041898123463,17.0,,,17895991.761485867,,1,37.52292061996196,3.6249519627919384,54.98500813220558,4.007060568661506,1,10.134996020181966,,16.70008732179694
1980-07-01,1980,3,32500,20120,51250,27050,1249.690118486966,23628.387991050306,12.18586122289062,16.029,,,17934898.49588804,,1,37.46099917678971,3.623300369825989,57.77941014343079,4.0566324863226155,1,9.909469624213676,,16.702259009377894
1980-10-01,1980,4,25370,17500,52360,27620,1242.7660715784182,23497.472282905408,12.118344105262688,15.200000000000001,,,17977103.928781528,,1,36.845048040110754,3.6067212280615313,57.14599801184591,4.045609361749441,1,9.769956159911606,,16.704609502220137
1981-01-01,1981,1,28260,22790,46070,24900,1255.0587635537388,23729.89509809019,12.238211451776047,13.545466666666668,,,18018000.0,,1,36.318899897268764,3.592338264102251,52.590899996597194,3.9625431009097953,1,10.03407712223973,,16.706881816193523
1981-04-01,1981,2,35940,27720,40370,21820,1274.5263737024095,24097.97694417874,12.42804218829516,12.0,,,18053731.847779233,,1,35.537987827146885,3.5706022039922063,55.50019731937178,4.016386576050064,1,10.22990945330384,,16.708862971942697
1981-07-01,1981,3,36290,27830,40880,24110,1279.292927733656,24188.100076597322,12.474521363473807,12.513633333333333,,,18086817.325063955,,1,35.26583390379987,3.5629146171634876,55.30371905124024,4.012840158549781,1,10.233869854519936,,16.71069390629675
1981-10-01,1981,4,30270,21270,41100,26070,1258.671309766894,23798.19894581796,12.273437774016706,14.609966666666667,,,18119553.096486572,,1,34.19592240807258,3.532106409126221,52.36704558734453,3.9582774924809314,1,9.965052908194282,,16.71250219472565
1982-01-01,1982,1,37910,27730,35670,23610,1278.6908366981302,24176.71610197603,12.468650309767032,13.796366666666666,,,18154000.0,,1,34.129292561961165,3.5301560349558048,48.71690802684919,3.886026157242576,1,10.230270138609823,,16.71440148006871
1982-04-01,1982,2,45370,33340,33610,23990,1305.23301651423,24678.559649864797,12.72746592734077,13.012866666666667,,,18191135.846444454,,1,33.92148354091433,3.5240485464329256,51.5249199785809,3.9420655737152663,1,10.414513156304785,,16.716444991999683
1982-07-01,1982,3,43750,33340,35790,25900,1320.5863379201405,24968.85100270783,12.877177796863576,11.3528,,,18231625.590753503,,1,34.231047012478435,3.5331330396430576,51.59455874897375,3.943416216325928,1,10.414513156304785,,16.718668313867127
1982-10-01,1982,4,38630,28050,41600,31300,1352.8985568266974,25579.790974050688,13.192257679127263,9.682466666666667,,,18274439.200349495,,1,34.8168705341581,3.5501020547742326,50.21184486547172,3.916250952360488,1,10.241743910950843,,16.72101387641789
1983-01-01,1983,1,47170,34450,35990,26890,1391.3822088473944,26307.41668526181,13.567515861885404,10.817566666666666,,,18318000.0,,1,35.38779341693402,3.566366941945403,51.22441428175707,3.9362162598332784,1,10.447264276441805,,16.72339474094507
1983-04-01,1983,2,53860,41890,41710,31050,1448.4303344634734,27386.048280629548,14.123798200602497,10.017266666666666,,,18360419.90830048,,1,36.15277562377507,3.5877537263979495,51.448808796129384,3.9405873093614856,1,10.64280241394108,,16.725707813717552
1983-07-01,1983,3,46700,38600,41610,30470,1490.1753129266026,28175.337187706027,14.53085792427235,9.5606,,,18402955.1473765,,1,36.91084536746636,3.6085054202601565,52.42022805740418,3.9592925484658075,1,10.561007555452923,,16.728021815519156
1983-10-01,1983,4,41290,32900,48500,36230,1513.8575603239544,28623.10685614364,14.7617860367389,9.0625,,,18445627.063040014,,1,37.201551105237236,3.6163504567871763,52.779914143795956,3.9661307043932177,1,10.401227936753463,,16.730337884804797
1984-01-01,1984,1,42690,31910,42500,32940,1569.5008068571399,29675.17584406169,15.304369250140182,8.945066666666667,,,18488000.0,,1,38.22464498604721,3.6434804642912177,53.266812790900275,3.975313487918755,1,10.370674719272289,,16.732632430936352
1984-04-01,1984,2,48320,37980,40880,30010,1630.7133954689396,30832.54659722672,15.901259710329144,8.845233333333333,,,18529600.93099491,,1,38.87704613065399,3.6604040027002545,53.080139451898326,3.97180283666286,1,10.544814984366276,,16.734880061655907
1984-07-01,1984,3,43110,34830,44080,33050,1652.990763783398,31253.75365821465,16.118488697479886,10.890166666666667,,,18570672.906523123,,1,39.29269055098995,3.6710385105077736,53.85968725242033,3.986382280690403,1,10.458234363360047,,16.737094168887943
1984-10-01,1984,4,34600,28690,47930,36720,1721.177573556706,32542.988784076344,16.783385529772342,9.954533333333332,,,18611383.648974925,,1,40.67519293986633,3.705618396544775,54.1036955256061,3.9909024926803975,1,10.26430390897541,,16.739283975611475
1985-01-01,1985,1,35470,28470,39370,30930,1755.9483308583272,33200.41331845616,17.122438881338702,12.962299999999999,,,18651000.0,,1,40.86725929746883,3.7103292362982385,54.01517596773694,3.9892650435205046,1,10.256606180272083,,16.741410321919584
1985-04-01,1985,2,47980,39720,40320,31420,1807.4271143957915,34173.74314857691,17.624413973268112,12.475,,,18688909.474717323,,1,41.08226022170337,3.715576403549329,53.46809645105907,3.9790851480101033,1,10.58961011815911,,16.74344082966722
1985-07-01,1985,3,45750,39110,39340,31190,1835.2738247888642,34700.25197481182,17.895950207206532,11.570666666666668,,,18728582.00413135,,1,41.598667291801746,3.72806813049928,54.210339695199806,3.992871659535584,1,10.57413346774956,,16.745561364353662
1985-10-01,1985,4,40730,33810,45070,36460,1874.2090450862058,35436.41566698892,18.27561168024476,11.375,,,18772819.158179976,,1,42.25131736630674,3.743635533584704,54.981162391082115,4.0069906245849465,1,10.428511895701932,,16.74792059217961
1986-01-01,1986,1,37360,30860,36750,30410,1885.347729243435,35647.019197482885,18.384226173820128,12.115833333333333,,,18824000.0,,1,42.065648736718195,3.739231463128434,55.99597491315208,4.025279811601051,1,10.337216125917152,,16.750643209389334
1986-04-01,1986,2,52180,44470,41840,34050,1957.699002012464,37014.99348114188,19.089731127584464,10.325766666666667,,,18882393.832940593,,1,42.94339607752252,3.7598828782269176,55.91463263051427,4.0238261103166435,1,10.702570083504742,,16.753740502643176
1986-07-01,1986,3,51230,43910,41430,34750,2023.0760536199844,38251.103392104196,19.727229709245297,9.875,,,18946950.59696409,,1,44.22330817720328,3.7892519844176342,57.0961861923558,4.044737322703728,1,10.689897363555763,,16.75715355817795
1986-10-01,1986,4,41000,34750,50340,41860,2094.0726215590803,39593.463732865275,20.419524792169387,10.730066666666668,,,19013766.106233194,,1,45.53633609563354,3.818510602757609,57.65357528064106,4.0544522618023455,1,10.455934850992938,,16.760673806691194
1987-01-01,1987,1,45620,39030,41360,35580,2162.2092570794275,40881.7501941752,21.08393236998628,10.670466666666668,331065.4640508561,1,19078000.0,,1,46.418847908314774,3.8377055816739025,58.43899413818158,4.067983374862052,1,10.57208586017466,12.710071411392677,16.76404639668729
1987-04-01,1987,2,52340,44760,43220,36370,2273.545924398759,42986.83683456307,22.169588051264412,9.218433333333333,357527.6710310517,1,19135218.54067479,,1,48.12872735753774,3.873879241193929,58.956800552975395,4.076804981703397,1,10.709070162425862,12.786968039606318,16.76704109776835
1987-07-01,1987,3,53020,47370,43820,37020,2350.0616601635083,44433.55027601935,22.91570112650061,9.491666666666667,383370.2283068658,1,19187876.041998465,,1,49.65983617815193,3.905196481205307,60.51421547617674,4.1028783039848555,1,10.765744395917798,12.856756454796846,16.769789181399698
1987-10-01,1987,4,45820,40040,49890,42890,2345.897197167788,44354.81111822207,22.87509300502874,9.027933333333332,390737.628498829,1,19237197.982207023,,1,49.194196902515735,3.8957756674058572,61.86801254221822,4.125003285901324,1,10.597634233429156,12.875791586871,16.7723563575756
1988-01-01,1988,1,50810,45040,46820,41120,2384.8324174651293,45090.97481039916,23.254754478066967,8.628633333333333,430483.001794367,1,19284000.0,,0,49.43901470275081,3.9007398837993668,62.95485724811498,4.142417917928498,1,10.715306262813572,12.972663117272159,16.77478629450765
1988-04-01,1988,2,60540,54280,47000,40130,2587.98796770216,48932.11758053457,25.235745849628543,7.9543333333333335,451332.63204525487,1,19329141.2957205,,0,52.5700893141828,3.962147313787167,64.08418022167025,4.160197535053004,1,10.901911113948806,13.019959889970982,16.777124426799965
1988-07-01,1988,3,55580,49640,49790,43160,2874.633474865449,54351.83816482294,28.030856668529818,10.8898,402850.9125057344,1,19374188.04729145,,0,57.83051051679665,4.057516500019743,66.63258191794476,4.199193675905397,1,10.812552239318544,12.906321828328094,16.77945222508898
1988-10-01,1988,4,50360,44520,50200,43380,3027.664946394949,57245.26504773551,29.523082819002237,12.268933333333335,335124.32274051197,1,19420634.373048484,,0,60.00126537012329,4.094365651501775,68.289935982219,4.223762405532509,1,10.70369380538948,12.722256854620179,16.781846686259353
1989-01-01,1989,1,46540,40220,44750,39190,3148.7354187886153,59534.39261116766,30.70365386853992,12.875,290344.16799190996,1,19469000.0,,0,61.731424726643866,4.122793116111017,70.17970302333701,4.251059138503725,1,10.602119663326643,12.578822284467625,16.784334014961047
1989-04-01,1989,2,48430,41780,42210,36680,3292.033085243779,62243.77857103595,32.10096465075277,13.222233333333334,278103.2790211699,1,19518175.535084948,,0,63.185609390482696,4.146076575707662,71.12215261312863,4.264398858086307,1,10.640173035110557,12.535747830951431,16.78685666814064
1989-07-01,1989,3,38870,33390,42850,36190,3320.481886672378,62781.67137189216,32.378371938397976,13.760866666666667,305175.94814835093,1,19565783.74918843,,0,63.23373777487587,4.146837984270473,72.51420642289993,4.283782493325495,1,10.4160117329377,12.628643768433644,16.78929287156127
1989-10-01,1989,4,31380,26070,45140,38820,3252.4455996579513,61495.28223968579,31.7149428695322,14.806833333333335,312801.6207871157,1,19606639.70920917,,0,60.907106192624354,4.10934985415853,73.22245937819498,4.2935021960134785,1,10.168540506927547,12.653324469184357,16.79137882750824
1990-01-01,1990,1,35080,29470,41020,34840,3151.4950027014424,59586.56916151526,30.730562864695983,14.875,309298.0989000687,1,19635000.0,,0,58.196973455411474,4.063833350900877,73.94887266567706,4.303373944492632,1,10.29112807573174,12.642060812194746,16.792824245994247
1990-04-01,1990,2,36190,30440,38630,31540,3119.5340035656086,58982.26984203483,30.418907763761244,14.875,246262.2676054118,1,19647884.647970453,,0,55.43688855670887,4.015245230592223,72.42172774465456,4.282506361338949,1,10.323512811975622,12.414152375480427,16.793480238981928
1990-07-01,1990,3,33420,28310,40430,33010,3027.664946394949,57245.26504773551,29.523082819002237,14.875,257033.14739277557,1,19652361.228954576,,0,52.999322373609786,3.970279128066799,72.30224893717634,4.28085523431271,1,10.250970378105945,12.456960333742392,16.793708053383778
1990-10-01,1990,4,28780,24510,43830,36660,2904.6376781358235,54919.139566784164,28.32343084491753,13.947466666666665,279292.55728410976,1,19657069.754339244,,0,49.80258597716376,3.9080669099347185,71.35848117931947,4.267716204123156,1,10.106836476522158,12.540015103830662,16.793947615508664
1991-01-01,1991,1,30230,25700,37150,31280,2884.9687222622433,54547.25079701261,28.131636764826062,13.383333333333333,285691.1805906396,1,19671000.0,,0,49.148443439305176,3.894845176494637,71.03535039102698,4.263177645965173,1,10.154246270883311,12.562666718266158,16.794656027913867
1991-04-01,1991,2,37560,32500,38960,32150,2931.046582193702,55418.4632169171,28.580946876401857,11.732166666666666,276131.0167001399,1,19699881.597641665,,0,48.329027842438826,3.8780323706627287,68.10431678355225,4.221040600038579,1,10.388995368317829,12.528630730254658,16.796123183418157
1991-07-01,1991,3,36410,31460,38780,32890,2903.7974989683426,54903.25396517977,28.315238168520533,10.789433333333333,260741.8580616688,1,19740960.332779985,,0,47.37235677413245,3.858038868160206,67.25428346042797,4.208480711032389,1,10.356472176612268,12.471286147300411,16.798206239863283
1991-10-01,1991,4,29600,24650,39710,34860,2836.7272966833607,53635.13098110233,27.661229494573806,10.375,257259.77380854607,1,19788531.485697057,,0,45.6920557138479,3.821924447205806,66.0223276740773,4.189992982908609,1,10.112532179470836,12.457841646399427,16.800613109959187
1992-01-01,1992,1,34370,26940,37690,32150,2760.1164580469217,52186.61939183476,26.91418906112363,10.375,246160.183634344,1,19836000.0,,0,44.26306942768947,3.7901506821435116,65.10192346971093,4.175954095163767,1,10.201367449964355,12.413737755991518,16.803009026591162
1992-04-01,1992,2,36510,28910,33850,28550,2785.3134648329765,52663.029218356285,27.15988775345133,10.050433333333332,238782.57504527396,1,19878089.45270519,,0,43.75557104641011,3.7786189429004624,63.15535432942059,4.145597632683173,1,10.271942835010393,12.383308689016093,16.805128650585747
1992-07-01,1992,3,32570,24510,36240,29850,2763.1008388209702,52243.04626582463,26.943290075375742,9.768933333333335,231425.38325041748,1,19915899.344074026,,0,43.360050645712654,3.769538525159137,62.593754744358264,4.136665508662127,1,10.106836476522158,12.35201278197992,16.807028932708242
1992-10-01,1992,4,25850,19230,36050,28980,2653.357253604975,50168.0806622301,25.87316870707708,7.5178666666666665,195176.3859639517,1,19951698.53052973,,0,41.37155534597787,3.7225935757535042,61.580021426499044,4.12033749044204,1,9.864226838582825,12.18165897209791,16.80882483705092
1993-01-01,1993,1,38810,29110,36320,28530,2651.25770068534,50128.383580322356,25.852695743315664,6.141666666666667,237095.12700352317,1,19987000.0,,0,41.22893357576351,3.719140281134807,59.58118248484704,4.08733979409804,1,10.278837036739668,12.376216719347662,16.810592620176678
1993-04-01,1993,2,41080,31560,35610,27890,2745.9167024324443,51918.13896610876,26.775725734289864,5.875,264558.77773989394,1,20022604.451909643,,0,42.1408621571018,3.7410178675189556,60.49002752709227,4.102478517187198,1,10.35964577495981,12.485818727671816,16.812372415893034
1993-07-01,1993,3,38320,30130,35910,28550,2736.8261877223317,51746.26098977575,26.68708315877187,5.875,252434.2644961711,1,20059918.675497692,,0,41.891458767936115,3.7350819581276427,60.45218220623349,4.101852675767937,1,10.313276632124348,12.438906155174543,16.81423428642692
1993-10-01,1993,4,33020,25660,40000,31670,2699.994721295689,51049.87380855861,26.32793561341556,5.662866666666666,248975.65955639395,1,20098885.589056294,,0,41.17686384585158,3.717876541483692,61.791335077830254,4.123763145536833,1,10.152688638169627,12.425110417883163,16.816174928161733
1994-01-01,1994,1,41660,32590,36200,27950,2714.6361616137074,51326.70534260387,26.47070585475717,5.229166666666667,272431.4935886428,1,20139000.0,,0,41.22819308816605,3.719122320586642,62.49055166930064,4.135015372023332,1,10.391760771831608,12.515142461804535,16.818168791589
1994-04-01,1994,2,47260,36980,36560,29220,2716.4976991715507,51361.90217342293,26.488857905417973,5.125,263907.48200448137,1,20179217.67879199,,0,40.72780702295109,3.7069110783976655,63.34115362773636,4.148535254202234,1,10.518132504941116,12.483353873754847,16.820163804982275
1994-07-01,1994,3,42240,33470,40000,31810,2736.0235427225907,51731.08506160572,26.679256482035452,5.2386333333333335,246906.4174628496,1,20220576.42153004,,0,41.041589554864544,3.7145859319561336,64.31775003256833,4.163835643421932,1,10.418404794205372,12.41676466714959,16.822211278644335
1994-10-01,1994,4,34270,28360,41880,33730,2756.250724621921,52113.52843281648,26.87649388345928,5.758333333333333,254771.98743362376,1,20262766.88022323,,0,41.17607892079008,3.7178574790182806,64.17249248875514,4.16157465297093,1,10.252734980646064,12.448124257207885,16.82429561607928
1995-01-01,1995,1,36000,29220,39520,30990,2701.802275279119,51084.04995047046,26.345561264502273,6.45,239265.43222842464,1,20305000.0,,0,40.076114301820844,3.69078050351943,62.90002342122833,4.141546536062897,1,10.282608685304691,12.385328809757153,16.826377719102535
1995-04-01,1995,2,40770,33040,40260,31880,2730.835887419729,51633.0,26.628671103582263,6.625,219230.43206665787,1,20346056.426657367,,0,39.959657900435666,3.687870392693548,62.165569742939766,4.1298013053744,1,10.405474227634915,12.297878656840552,16.82839766368583
1995-07-01,1995,3,33480,27280,37690,30690,2715.021971313004,51334.0,26.47446792615753,6.625,227578.8592205827,1,20387110.164801266,,0,39.569897937962665,3.6780686761158328,61.80311220062895,4.12395372242914,1,10.213909111957399,12.335252091246106,16.830413404443554
1995-10-01,1995,4,25990,20870,39670,31910,2693.6546732958914,50930.0,26.26611313124251,6.576766666666667,249802.53972204315,1,20427969.251921847,,0,39.06384376075594,3.6651973271802962,61.610795198877845,4.120837101920589,1,9.946068000071246,12.42842604364372,16.832415561555756
1996-01-01,1996,1,32750,26960,36980,29140,2716.7673199134115,51367.0,26.49148700594019,6.122833333333333,253002.87221501875,1,20468000.0,,0,39.146718298556195,3.6673165951317337,61.216243308441676,4.114412567838968,1,10.202109565026243,12.44115612027375,16.83437324890712
1996-04-01,1996,2,37750,31590,35220,28570,2804.8280902067095,53032.0,27.350176940429076,5.866666666666667,260233.47988575115,1,20506704.471289996,,0,39.90452007638722,3.6864896026020295,61.78526588999442,4.12366492001852,1,10.36059589379613,12.469334506597862,16.8362624380203
1996-07-01,1996,3,39200,33100,36780,30300,2856.4480972975553,54008.0,27.853529118243575,5.6875,283830.18979807355,1,20544847.853222087,,0,40.56001163711221,3.702782646193937,62.67070691024149,4.13789414405555,1,10.407288561365155,12.556131415069732,16.83812075473424
1996-10-01,1996,4,35000,29940,40110,33550,2917.85263442099,55169.0,28.45229128877907,5.8614,309475.7250097267,1,20583273.763110913,,0,41.092807315125185,3.7158331016889443,63.37653406803807,4.149093667820166,1,10.30695065797362,12.64263493510581,16.83998935070019
1997-01-01,1997,1,41280,35320,34140,28750,2951.754708750121,55810.0,28.782874020315024,5.9375,306351.955495052,1,20622000.0,,0,41.53026760098124,3.726422501180324,63.20487423272764,4.1463814221144775,1,10.472204654717896,12.632489901339081,16.841869025060024
1997-04-01,1997,2,42050,35360,38410,33090,3088.896797260945,58403.0,30.120161107479994,6.2029,316687.95756566693,1,20660458.85958386,,0,43.06623130703675,3.762739193659561,64.05843375262486,4.159795694188465,1,10.47333651675158,12.665672207066377,16.843732231456748
1997-07-01,1997,3,39100,34340,36810,31660,3213.239662702112,60754.0,31.332641609572104,6.874633333333333,303269.01956880436,1,20699638.79766898,,0,44.587330013431654,3.7974497382512027,64.84623876079235,4.172018910017872,1,10.444066134451466,12.622375543945239,16.845626808695382
1997-10-01,1997,4,35140,31060,40140,34730,3270.148604945709,61830.0,31.887566756424977,7.154166666666666,261876.0109802321,1,20739111.004176497,,0,45.14144803095132,3.809800849540173,65.37842998751529,4.180192387357002,1,10.343676096702678,12.475626430196126,16.84753189601749
1998-01-01,1998,1,39880,35530,34200,28350,3326.8988791347233,62903.0,32.44094471420671,7.25,269693.60148460435,1,20778000.0,,0,45.946517425137664,3.8274780553992565,67.03909777415475,4.205275998060516,1,10.478132689015073,12.505041784280591,16.849405292612612
1998-04-01,1998,2,40040,34770,36250,31320,3449.496395975483,65221.0,33.636406136516165,7.321966666666667,266586.16540530045,1,20815188.892380584,,0,47.127888513785315,3.852864938611965,66.74886501800891,4.200937293660276,1,10.456510225001907,12.493452792676973,16.851193513390147
1998-07-01,1998,3,38610,34240,35030,30580,3510.0547034744777,66366.0,34.22691663200551,7.5,264708.8411773636,1,20852208.068482805,,0,47.910496111459885,3.86933460591259,67.33088491852686,4.209619045475824,1,10.441149830255679,12.486385788403012,16.852970403166925
1998-10-01,1998,4,30870,27270,37170,32260,3507.2439427325608,66312.85582899507,34.19950860514744,6.848299999999999,255561.09652997786,1,20889468.92448682,,0,47.605557279949444,3.8629495040014423,69.09171274704853,4.235434792279532,1,10.213542475839635,12.451216785401932,16.854755710734093
1999-01-01,1999,1,37670,32760,31810,27040,3568.8445754324944,67477.56348603446,34.8001829244999,5.704166666666667,268610.49055157497,1,20927000.0,,0,48.329559596189156,3.8780433733840476,71.27567176774296,4.266555059766498,1,10.396963537967006,12.50101761871803,16.856550749222805
1999-04-01,1999,2,39250,34240,34080,29980,3702.777320910492,70009.88316116497,36.10617536650754,5.205666666666667,297535.9837536366,1,20964215.171656728,,0,49.66047664176112,3.905209378136277,72.38313728536832,4.281973361840736,1,10.441149830255679,12.603290450447238,16.858327502716087
1999-07-01,1999,3,38010,33540,36840,32450,3827.1887363995725,72362.17926417878,37.31932430740567,5.0644,300715.89945239865,1,21001836.25956525,,0,51.39974430263552,3.9396331977918493,74.27906052362346,4.307829088634239,1,10.4204940353772,12.613921242378925,16.86012043279664
1999-10-01,1999,4,33450,29750,38280,33720,3947.5344105075096,74637.6027782173,38.492827771792584,5.4053,292200.0545859226,1,21039145.80040437,,0,52.773702060527796,3.9660129996001707,74.78099435843076,4.314563766577849,1,10.300584410973777,12.585193965108857,16.861895346169533
2000-01-01,2000,1,39030,35210,32590,28320,4109.380123914246,77697.68403715588,40.07100253201398,5.859733333333334,280732.96211587643,1,21075000.0,,0,55.03799901346564,4.00802383783097,75.23406540506848,4.320604125791269,1,10.469085412149099,12.54515918372755,16.863598061852194
2000-04-01,2000,2,38770,34970,34770,30440,4294.703848999619,81201.67339858702,41.878113880492684,6.0,290285.9801284013,1,21108597.299770065,,0,56.998127093016315,4.043018409277456,76.43080670381462,4.336385844004987,1,10.462245830057421,12.578621854421435,16.865190970424468
2000-07-01,2000,3,36100,32830,32280,28490,4280.62245794429,80935.43093864674,41.740804739060685,6.0,277719.4432899549,1,21141026.68302485,,0,56.81124274773018,4.039734241839895,75.491083670571,4.32401455220244,1,10.399098010495639,12.534366686292087,16.866726103122296
2000-10-01,2000,4,28710,25460,35450,31090,4317.255542993873,81628.06724428438,42.09801784651571,6.0,296721.35366451554,1,21173614.090521082,,0,56.935766021228815,4.041923720483623,76.46714906338099,4.336861224595505,1,10.144863872111397,12.600548774247011,16.86826634608988
2001-01-01,2001,1,36910,33020,30750,26630,4441.450663621439,83976.2737743451,43.30905767322093,5.854166666666667,304776.7998214758,1,21207000.0,,0,58.75908898925576,4.073445847258596,79.51948680162182,4.3760021086255545,1,10.40486871747412,12.62733498382638,16.8698418738212
2001-04-01,2001,2,39450,35720,31400,28020,4635.107265559362,87637.81615187277,45.197423789910125,5.3703,326894.31299302576,1,21241193.431946933,,0,60.44626483004142,4.101754785739705,80.74477177721596,4.391293214213675,1,10.483466034990435,12.697392195782223,16.871452940704298
2001-07-01,2001,3,38360,35390,32320,29210,4815.511763975224,91048.79573860565,46.956567236081035,5.049633333333333,335303.9905295913,1,21277241.579091065,,0,62.79891331539639,4.139937769429477,81.66815544429974,4.402664151640655,1,10.474184573339508,12.722792833754186,16.873148588992954
2001-10-01,2001,4,32050,29190,35030,30980,4894.010364894732,92533.0,47.72201544027613,4.2154,315663.0344961462,1,21314908.435710352,,0,63.68065650221011,4.153880850876989,83.73864889234855,4.427700625905646,1,10.28158146384816,12.662430577085901,16.874917312404467
2002-01-01,2002,1,39140,35070,31110,27490,5043.317004256884,95356.0,49.17792035622936,4.0,376864.41683071473,1,21353516.0,,0,65.56509626159956,4.183043485168073,84.27788848304245,4.434119535027486,1,10.465101343134224,12.839640764691426,16.876726967920764
2002-04-01,2002,2,38600,34840,34060,30820,5474.100772448422,103501.0,53.37853868440471,4.0,364446.92259002733,1,21391962.961550727,,0,70.4763518567531,4.25527721889145,88.72882527267187,4.4855848114118295,1,10.458521430966439,12.806136202790698,16.878525846906445
2002-07-01,2002,3,40460,36650,32750,29640,5861.726829793514,110830.0,57.158321585226936,4.0,350294.0008411873,1,21431479.482531637,,0,75.40047281235027,4.322813545715076,88.04359043213042,4.477832037654629,1,10.509168707314798,12.766528083264415,16.88037140298237
2002-10-01,2002,4,32500,29410,38880,35370,6131.99141609907,115940.0,59.793700303087704,4.0,359837.8312963161,1,21472095.95900087,,0,78.49722209373626,4.363063236821277,88.62687174503623,4.484435104460427,1,10.28909003154804,12.793408740319478,16.882264787773032
2003-01-01,2003,1,41510,37790,32050,28630,6343.441505445615,119937.97091927993,61.85557260745104,3.845833333333333,310775.25396141986,1,21513391.0,,0,81.23960329649792,4.397402853594623,89.27021379783439,4.49166788014566,1,10.539799796343535,12.646825273847,16.8841861364246
2003-04-01,2003,2,42480,37580,35450,32370,6631.3669359855585,125381.89152379334,64.66316409529026,3.75,313392.6869795983,1,21554457.820596486,,0,84.22636843024183,4.433508036477245,90.13252800080026,4.501281120558419,1,10.534227272967456,12.65521227416977,16.886093212546
2003-07-01,2003,3,40730,36540,34170,30920,6862.9652346785715,129760.81264882484,66.92150373131744,3.5253666666666668,373863.1480813214,1,21596683.59328619,,0,87.13011320226542,4.467402555476432,91.19210807728324,4.512968359095667,1,10.506162829931998,12.831645095212659,16.888050323518467
2003-10-01,2003,4,36550,33480,42390,39130,7082.028256875338,133902.72431667423,69.0576105533741,3.654166666666667,401608.55057783925,1,21640126.008791935,,0,89.48404633152656,4.494060356112773,91.4546484304021,4.515843203839232,1,10.418703524603412,12.90323313841248,16.890059834882717
2004-01-01,2004,1,42560,38210,31950,27670,7416.394952876327,140224.72839394287,72.31805575874843,3.904166666666667,385443.5537592528,1,21684360.0,,0,93.70889320185987,4.540193096179844,92.1504990162856,4.523423099362001,1,10.550852540440946,12.862150037812558,16.892101821327486
2004-04-01,2004,2,48010,43020,39360,35730,7852.067873711225,148462.1695470702,76.56634873420485,4.214733333333333,359897.0399995354,1,21728942.31794352,,0,98.40612879838518,4.589103086655041,92.3863249860516,4.525978969708401,1,10.669420402821721,12.793573269525202,16.8941556772304
2004-07-01,2004,3,45650,41310,39910,36120,8117.558001829244,153481.89696762565,79.15517120261855,4.654766666666666,284529.464999888,1,21774463.991553906,,0,101.68981790794648,4.621927179143035,93.529428381643,4.53827612882341,1,10.62885988039081,12.558592094847935,16.896248464627373
2004-10-01,2004,4,40470,34610,42850,37810,8063.745578771139,152464.44408715086,78.63044054359126,4.75,248428.48947147056,1,21821574.13250413,,0,100.37092085984592,4.608872532435868,93.91169896420412,4.542354968061714,1,10.45189793662939,12.422910314378978,16.89840967749507
2005-01-01,2005,1,40190,35380,33770,29470,8080.9749334157605,152790.2063464151,78.79844581270031,4.75,,,21869913.0,,0,100.32921809280465,4.608456959553267,95.04001730837021,4.554298037731008,1,10.473901967713775,,16.900622414592913
2005-04-01,2005,2,46680,40820,40920,36710,8329.75525005655,157493.99471696085,81.2243291326724,4.75,283570.0,0,21918461.516312,,0,102.41810900198993,4.629063542692604,96.05583664060813,4.564929654058695,1,10.616927436363836,12.555214285252049,16.90283983128128
2005-07-01,2005,3,45200,39940,37930,33550,8336.799359001505,157627.180485769,81.29301698798332,4.5947,322520.0,0,21968649.20495387,,0,101.9902667125483,4.624877384344293,97.40245178921748,4.578851382705567,1,10.595133606969807,12.683920428798958,16.905126958854478
2005-10-01,2005,4,41830,36660,46830,42010,8324.105208708628,157387.1671385402,81.16923497872907,4.5,319370.0,0,22020278.56765854,,0,101.32643055657199,4.61834729091036,97.96948283488828,4.5846560305316375,1,10.509441521393695,12.674105584240257,16.90747433984448
2006-01-01,2006,1,49660,42900,37720,32670,8479.16363244962,160318.91841290306,82.68122615573827,4.5,283620.0,0,22072566.0,,0,103.08520704932498,4.635555899150611,99.95156995040388,4.604685768180768,1,10.666627104916108,12.555390593015337,16.909846037899513
2006-04-01,2006,2,43960,38900,43250,38350,8728.590833300856,165034.93768043967,85.11341731242855,4.5,350020.0,0,22124210.039098702,,0,104.76773639021648,4.651745865616691,98.68013020134254,4.591883611090186,1,10.568749529606537,12.765745574690149,16.912183043773332
2006-07-01,2006,3,41190,36420,37670,32340,8909.734548004582,168459.89392346563,86.87976893522209,4.6591,384790.0,0,22177129.900246076,,0,106.28775973223185,4.666150130385104,98.26416507325466,4.587659414130915,1,10.502873353281599,12.86045300991002,16.914572131163958
2006-10-01,2006,4,35810,30990,42220,36550,9100.382788140067,172064.55600816399,88.73880019610148,4.893933333333333,386280.0,0,22231650.652560677,,0,107.85827223997384,4.680818071237985,98.2798326037037,4.58781884439251,1,10.341419850781794,12.864317774080854,16.917027536560283
2007-01-01,2007,1,49370,43040,44540,38450,9284.93972358041,175554.04737287393,90.53843449722,5.2235000000000005,312110.0,0,22287502.0,,0,109.82315765589797,4.69887141445046,99.57002447938939,4.600861160251016,1,10.669885194835667,12.651110968758065,16.91953663088993
2007-04-01,2007,2,47640,41470,43690,38940,9615.83497401397,181810.41544843017,93.76502926775314,5.3928666666666665,357710.0,0,22343463.9322539,,0,112.55368009041317,4.7234302642008075,99.36287319039572,4.598778534739663,1,10.632725553240427,12.78747788124437,16.922044394744603
2007-07-01,2007,3,46330,40440,39360,34620,9738.562940694645,184130.8819154249,94.96176272032213,5.7386333333333335,374700.0,0,22400357.414393585,,0,113.94461908811454,4.735712532883994,100.15158786722715,4.606684916876077,1,10.607574673134408,12.833880984781779,16.924587472697688
2007-10-01,2007,4,40260,34950,49050,42210,9729.46734449886,183958.90786142173,94.87307059469704,5.679833333333334,316990.0,0,22456871.168990936,,0,112.75574228068244,4.725223906404625,100.20220867364718,4.607190231058998,1,10.461673747661957,12.666625506620516,16.92710719075796
2008-01-01,2008,1,36210,29290,38510,31410,9486.39745250438,179363.08876032973,92.50287023263132,5.3492,207140.0,0,22511036.0,,0,109.41856663262453,4.695180588866315,101.81518630528193,4.623159270842006,1,10.285001439821778,12.24115017214287,16.929516235813182
2008-04-01,2008,2,33290,25400,38600,32750,9229.958162858462,174514.48914169855,90.00230345252007,5.0264999999999995,216750.0,0,22561246.669211812,,0,104.52358102272441,4.649412701668294,101.38805890119407,4.618955321906917,1,10.142504453006628,12.286499894642787,16.931744243227445
2008-07-01,2008,3,20970,15670,33240,27230,8736.710161967185,165188.45305606507,85.19258974956898,5.0,171290.0,0,22608117.48877246,,0,97.83938403570811,4.583327195730605,101.93636408950859,4.624348737113835,1,9.659503335350067,12.05111330549203,16.933819580671624
2008-10-01,2008,4,16420,12010,37660,29720,8294.50909839792,156827.58171243957,80.88064016018292,3.325533333333333,155750.0,0,22652386.405413166,55091.0,0,92.70985873920853,4.529474817933214,102.62096304797083,4.63104223007289,1,9.39349491507403,11.9560074366497,16.935775764405726
2009-01-01,2009,1,17330,12490,31490,24100,7918.019051631152,149709.13469251405,77.20944568258389,1.0794666666666666,120460.0,0,22693802.0,34399.0,0,88.70510711847224,4.485317465092879,103.03305850459145,4.63504989308942,1,9.432683603119623,11.699073026597713,16.937602405521943
2009-04-01,2009,2,20630,15360,31730,25590,8148.452963628431,154066.0402952881,79.45643126013363,0.5,167270.0,0,22731874.170993313,33980.0,0,90.45519152659806,4.504854606839819,100.60992195613842,4.611250880596854,1,9.639522006701663,12.027364552306054,16.93927864605888
2009-07-01,2009,3,25650,20160,29330,22210,8470.688295689832,160158.67185069327,82.59858224582477,0.5,210100.0,0,22768425.696894594,29877.0,0,93.64138212090434,4.539472402455094,100.0177206710038,4.605347376998875,1,9.911455722185305,12.255338886833092,16.940885296295036
2009-10-01,2009,4,22000,16990,32430,25720,8574.215627966209,162116.10428815728,83.6080882707451,0.5,237390.0,0,22803967.26654521,33064.0,0,94.32243805572307,4.54671910466225,99.52872843003992,4.600446330430756,1,9.740380214665977,12.377459637271349,16.942445081706566
2010-01-01,2010,1,27280,21260,26430,19520,8614.985035995185,162886.94769711408,84.00563510338071,0.5,155840.0,0,22838672.0,25933.0,0,94.30984427446344,4.546585577345263,99.38899693614276,4.599041412727989,1,9.964582651895938,11.956585118876362,16.943965797453973
2010-04-01,2010,2,33720,24930,27980,22400,8923.443805737239,168719.1003107008,87.01344936505639,0.5,193700.0,0,22872321.56837404,28838.0,0,96.6019965702546,4.57059940943402,98.79650858261265,4.593062265896746,1,10.123827176517604,12.174065849395086,16.945438072363157
2010-07-01,2010,3,28960,22400,24650,20210,8851.244380036462,167353.997059941,86.30942508820021,0.5,213350.0,0,22906336.31109832,28342.0,0,95.60808637678309,4.5602574020114055,98.40764798052832,4.589118524417255,1,10.01681623784313,12.270689288616145,16.946924125059308
2010-10-01,2010,4,20700,16270,27670,21150,8619.446806694978,162971.30816989226,84.04914230388724,0.5,198110.0,0,22940959.67058549,30010.0,0,92.28638895537547,4.524896665362529,97.45892496405433,4.579431006819476,1,9.697078200213083,12.196577710968372,16.948434502730567
2011-01-01,2011,1,27770,21120,27590,19430,8588.112726482519,162378.8622557811,83.74360035603361,0.5,150000.0,0,22976066.0,30966.0,0,90.78780815613005,4.508525005183776,96.55883408734864,4.570152502227446,1,9.957975737820197,11.918390573078392,16.949963623388637
2011-04-01,2011,2,30940,23390,29560,23120,8820.027701772327,166763.77091115,86.00502793922786,0.5,183020.0,0,23010992.888048675,33740.0,0,92.04194882650687,4.522244438633867,95.72919463684099,4.56152331606213,1,10.060063859578225,12.11735071546937,16.951482611365204
2011-07-01,2011,3,29540,23660,25010,19650,8811.194041120312,166596.74937662765,85.91888997494124,0.5,218580.0,0,23046511.038033873,32303.0,0,91.4278787521568,4.51555045112142,96.0022028598115,4.56437113766094,1,10.071541137532378,12.294907359230665,16.9530249510058
2011-10-01,2011,4,25020,19620,31870,23690,8715.356679482822,164784.71427183633,84.98436967138278,0.5,210540.0,0,23082104.288069222,35545.0,0,89.7015703454365,4.496488275549599,96.11597990359823,4.565555586269102,1,9.884304733119354,12.257430937805315,16.95456816910795
2012-01-01,2012,1,25330,20630,32070,22670,8606.255135566458,162721.88799839217,83.92050891606404,0.5,182030.0,0,23116851.0,35469.0,0,88.2371351633239,4.480027908000748,96.55201268165771,4.570081854660954,1,9.934501606065297,12.111926787639945,16.956072390069913
2012-04-01,2012,2,24800,19820,29630,23160,8724.353720122514,164954.8248967513,85.07210077130117,0.5,191140.0,0,23150039.172983497,34676.0,0,88.79437518744282,4.486323305508153,95.84651780820094,4.562748139235484,1,9.894446807883979,12.16076142282017,16.957507030632602
2012-07-01,2012,3,27990,22230,24780,19670,8669.111644982524,163910.34101588427,84.53342942281084,0.5,213130.0,0,23182402.271495633,30387.0,0,87.98721544450966,4.477191524884522,96.05956230312819,4.564968439731692,1,10.009198006958242,12.269657587155285,16.95890402603222
2012-10-01,2012,4,22910,17580,29110,23250,8616.944395866265,162923.9940933071,84.02474102981918,0.5,217500.0,0,23214816.08860259,31239.0,0,86.58647093926488,4.461143578644232,95.49786918755994,4.559103935065617,1,9.774517171239168,12.289954129510877,16.960301257311418
2013-01-01,2013,1,27830,22350,24460,18480,8623.909935429256,163055.6943195685,84.09266274673243,0.5,177850.0,0,23247462.0,27960.0,0,86.30070649145078,4.457837784515326,95.40542629639943,4.5581354562538525,1,10.014581600041716,12.088695777376602,16.96170652274879
2013-04-01,2013,2,33930,26420,28610,23780,8848.090458394086,167294.36460933823,86.27867086291404,0.5,217800.0,0,23280143.510799292,33301.0,0,87.97227835520953,4.477021746158595,95.3324848051788,4.557370621467154,1,10.181876578076317,12.291332489480997,16.963111345361746
2013-07-01,2013,3,35030,28370,26090,20610,9039.7,170918.0,88.14707587664522,0.5,256800.0,0,23314464.897957418,30309.0,0,89.60325003760302,4.49539159206415,96.12483522933151,4.565647713695148,1,10.253087527802897,12.456052850797944,16.964584536983587
2013-10-01,2013,4,28000,21680,30290,24140,9226.251505700211,174444.40590091003,89.96615944444713,0.5,272780.0,0,23351008.9516456,36752.0,0,90.92856697893541,4.510074220006636,97.36907666328368,4.578508672181851,1,9.984145455553582,12.516420888480866,16.96615075106624
2014-01-01,2014,1,38450,30870,27340,21110,9420.9,178124.0,91.86419760902318,0.5,230130.0,0,23389956.0,30913.0,0,92.75315610153729,4.529941728957523,100.82466200855977,4.613382988495541,0,10.337540117496205,12.346399645621451,16.967817257412804
2014-04-01,2014,2,38850,30170,30350,24670,9866.21075176273,186544.36983655585,96.20647009863184,0.5,262020.0,0,23430723.68855888,37484.0,0,96.52018684895347,4.569752176612329,99.08047517779316,4.595932400509872,0,10.314603332153107,12.476176115707661,16.969558697269413
2014-07-01,2014,3,36890,29220,27750,21640,9986.053154398141,188810.2777967449,97.37506610937811,0.5,285050.0,0,23474205.221334934,35319.0,0,97.52950068834959,4.580154903400938,99.24889954217785,4.597630831769587,0,10.282608685304691,12.560419882459728,16.971412726099302
2014-10-01,2014,4,26570,21530,32380,25430,9996.169184250666,189001.54559565638,97.47370859209113,0.5,273430.0,0,23519845.559025787,41523.0,0,97.49808514475673,4.579832738269986,99.11652355079116,4.596296163570128,0,9.97720259035841,12.518800926586472,16.97335511460519
2015-01-01,2015,1,41080,33630,34170,24520,9973.109673416573,188565.55025504233,97.24885285006748,0.5,213380.0,0,23566538.0,46011.0,0,97.79491999228627,4.5828726328725375,100.41906497734867,4.609352079443401,0,10.423173804734315,12.270829892745452,16.97533838249496
2015-04-01,2015,2,37400,30450,37130,29090,10274.183476538545,194258.07236822028,100.1846555169992,0.5,255200.0,0,23612805.233321276,47695.0,0,100.14292582043264,4.606598423775088,100.01665139478966,4.60533668607408,0,10.323841273138044,12.449802830452771,16.977299717476853
2015-07-01,2015,3,37890,30810,32170,25610,10352.167575122994,195732.54872938144,100.94508675421893,0.5,291360.0,0,23660520.13676255,45018.0,0,100.76872678567995,4.612828057357672,99.71715612717243,4.602337739668394,0,10.335594591590713,12.582314894961435,16.97931840007518
2015-10-01,2015,4,31790,25700,39010,31480,10421.525666576392,197043.92974371143,101.62140487871443,0.5,294430.0,0,23710262.479821105,48020.0,0,101.27535192190153,4.61784306399658,99.85046650320669,4.603673731891037,0,10.154246270883311,12.592796562819098,16.981418528407183
2016-01-01,2016,1,36670,30500,31410,25160,10501.940763145647,198564.36995042174,102.4055410357681,0.5,302570.0,0,23762072.0,43892.0,0,102.26065969442257,4.627525040779319,101.58093794003634,4.620855898841362,0,10.325481962595504,12.620067934641714,16.983601254043755
2016-04-01,2016,2,40910,33490,36260,29730,10802.020156577975,204238.09036418528,105.33164710808211,0.5,219470.0,0,23815678.152639747,54560.0,0,104.48697368137215,4.649062409868166,101.60343505325176,4.6210773441521,0,10.41900216578825,12.298970827896904,16.985854667673088
2016-07-01,2016,3,42580,35870,35810,29590,10913.500569265654,206345.8948554107,106.41870446573121,0.3447,272010.0,0,23871068.605862975,51022.0,0,105.14805952604651,4.655369447637451,102.09102030254616,4.625864771278756,0,10.487656570526328,12.513594109308212,16.988177765049162
2016-10-01,2016,4,34990,28300,38400,30870,10891.87127568706,205936.9412011511,106.2077949242386,0.25,263770.0,0,23928081.670552693,54116.0,0,104.25289032198452,4.646819585205705,102.66613362499024,4.631482302327606,0,10.25061708363133,12.482832790281398,16.99056329246533
2017-01-01,2017,1,41810,34940,37050,30270,10930.403874917092,206665.4923767123,106.58353039643946,0.25,230380.0,0,23985307.0,47551.0,0,104.17854197025719,4.646106176924977,103.4692313709385,4.6392742870683294,0,10.461387583688047,12.347485398480497,16.992951992502846
2017-04-01,2017,2,43360,35730,42160,34590,11105.241525910757,209971.217365659,108.28839092148266,0.25,254490.0,0,24040939.17179743,53673.0,0,104.71892349023781,4.651279841661848,102.78750948703987,4.632663842594613,0,10.483745951017456,12.44701682146989,16.995268733914667
2017-07-01,2017,3,41710,34020,36980,30360,11195.17780066877,211671.67827434,109.16536909942631,0.25,276610.0,0,24097203.517120477,51681.0,0,105.0252777280321,4.654201061451207,103.73511476139015,4.641840676638318,0,10.434703865949853,12.53036385084923,16.997606355094106
2017-10-01,2017,4,37230,30610,46280,38240,11182.53739265293,211432.681053713,109.04211113682977,0.41286666666666666,271820.0,0,24154713.967157304,58130.0,0,104.13851413011945,4.645721879629502,103.77130569693323,4.642189494143146,0,10.329082031939459,12.512895361509338,16.99999011434215
2018-01-01,2018,1,41500,34990,35480,28540,11201.552769482638,211792.212344616,109.22753209817044,0.5,221930.0,0,24213477.0,50700.0,0,104.18292191144255,4.646148218683606,104.94276245395027,4.653415082039691,0,10.462817585361734,12.310117295816775,17.002419936941642
2018-04-01,2018,2,42400,34720,42480,35020,11348.911531522243,214578.383053534,110.6644430552369,0.5,244880.0,0,24272624.69757158,62645.0,0,104.62201798138888,4.650354026433452,104.9935301903747,4.653898731024577,0,10.455071168774287,12.408523573619295,17.00485971761448
2018-07-01,2018,3,48060,39380,38660,31640,11429.522164259988,216102.520340334,111.45048590626054,0.6628666666666666,267830.0,0,24333938.884918135,57178.0,0,104.8036348267414,4.652088454746758,104.43400354045733,4.648555326828882,0,10.581013352193116,12.498107729863433,17.00738259581648
2018-10-01,2018,4,36650,29100,48870,40020,11327.750089437981,214178.275253512,110.45809558341145,0.75,273040.0,0,24397143.965106696,65080.0,0,103.31982295801015,4.637829254695491,104.65982371752777,4.650715316607919,0,10.278493453159584,12.51737358358059,17.009976632802093
2019-01-01,2019,1,39270,31900,39050,31590,11249.240186707893,212693.857304291,109.69253717405967,0.75,217310.0,0,24461243.0,55912.0,0,102.76395639846518,4.632434672847987,105.91613721967059,4.662647622676173,0,10.370361288772935,12.289080184513782,17.012600504593614
2019-04-01,2019,2,40090,31830,46310,37200,11419.314895681186,215909.527454545,111.35095374502633,0.75,237870.0,0,24524375.151651632,64162.0,0,103.28541233662422,4.637496149664004,106.35209382932788,4.6667552295514305,0,10.368164520276139,12.379479584934554,17.015178085074886
2019-07-01,2019,3,43600,35350,42800,35220,11466.69343900747,216805.332412593,111.8129469586846,0.75,265490.0,0,24587702.644028466,59511.0,0,103.2987026915042,4.637624817397208,106.41897283634127,4.667383877142139,0,10.473053671324719,12.489332454171368,17.017756983395504
2019-10-01,2019,4,30040,23980,49720,39680,11420.121261182305,215924.773727714,111.35881670076726,0.75,269130.0,0,24650123.51669903,66474.0,0,102.68939760163744,4.631708875009703,105.48503066900383,4.65856905345554,0,10.084975428581505,12.50294981322144,17.020292469259854
2020-01-01,2020,1,34790,28050,36510,29100,11525.152045544706,217910.632531594,112.38298304683806,0.6159,216480.0,0,24709834.0,55492.0,0,103.57015465276575,4.640249205819386,105.57380074957912,4.659410241528203,0,10.241743910950843,12.285253443404615,17.02271186001426
2020-04-01,2020,2,17690,13560,16640,14180,11642.7,220133.0,113.52920564941506,0.10000000000000002,132210.0,0,24765590.773211934,28395.0,0,104.46602289780148,4.648861878801525,105.53455668060381,4.659038450757766,0,9.514879561494386,11.792146846504142,17.024965778886994
2020-07-01,2020,3,40510,31460,42110,34380,11865.013212102647,224336.522748478,115.69700541883137,0.10000000000000002,226290.0,0,24819206.540745445,60319.0,0,106.07032151746314,4.664102284694676,105.75865570697147,4.661159665233746,0,10.356472176612268,12.329572641515787,17.027128368686032
2020-10-01,2020,4,36450,29380,51400,42400,12154.96224407425,229818.704389915,118.52432925939695,0.10000000000000002,313310.0,0,24872857.327490475,63676.0,0,108.4965995410058,4.686718831853495,106.02443947492222,4.663669628621117,0,10.288069449727868,12.654948394720085,17.029287699710554
2021-01-01,2021,1,46000,37160,44510,36240,12251.5025055775,231644.029501966,119.46570361428464,0.10000000000000002,342260.0,0,24927588.0,60450.0,0,109.12522667994837,4.692496091407995,106.95537602885511,4.672411701014547,0,10.522988192927775,12.743325961131443,17.031485699916544
2021-04-01,2021,2,47060,37720,43910,35860,12836.712086022897,242708.819739393,125.17214445759362,0.10000000000000002,377280.0,0,24983369.520962726,58806.0,0,112.82606380308488,4.725847374457312,107.79453274727109,4.680226940558627,0,10.537945736747394,12.840742896331143,17.033720942314545
2021-07-01,2021,3,48070,38530,40940,32920,13091.963160631525,247534.953303838,127.66112482653529,0.10000000000000002,298620.0,0,25041647.287221845,56825.0,0,114.00757939815401,4.736264932133122,110.07394218587375,4.701152341655817,0,10.559192437620203,12.606927141080655,17.036050888263258
2021-10-01,2021,4,36030,28770,45580,37120,13386.96540561738,253112.678053071,130.53772308450277,0.12380000000000001,245280.0,0,25101687.58438206,58493.0,0,114.43031409197464,4.739966027165274,110.70626980188823,4.706880475887501,0,10.267088456545594,12.410155694105642,17.038445636279413
2022-01-01,2022,1,44190,35670,40810,33160,13792.009926198387,260771.015863667,134.48735527241536,0.4482,245330.0,0,25162050.0,56508.0,0,116.42956536173969,4.757286500998409,112.44878944070682,4.7224979130357445,0,10.482065278352938,12.410359521994078,17.04084746501468
2022-04-01,2022,2,57270,46910,46330,37860,14304.016937151926,270451.736011791,139.4799900770987,0.9545666666666666,256570.0,0,25220747.039255753,62101.0,0,116.48248892922518,4.757740952087747,112.1472315131868,4.7198125750902955,0,10.755986151322503,12.455156810844738,17.04317750896861
2022-07-01,2022,3,47720,35310,40650,32850,14445.93859006619,273135.10513649,140.86388320496494,1.6161666666666665,285830.0,0,25279537.46432029,60580.0,0,115.67381156421943,4.750774260819555,112.02622201412042,4.718732969018159,0,10.471921488922431,12.563152507478543,17.04550583056923
2022-10-01,2022,4,32890,24880,50570,41040,14026.005596666088,265195.265050122,136.7690719355262,2.8105999999999995,281260.0,0,25338315.21907343,63449.0,0,109.5814699622315,4.696668290532355,111.62669314594156,4.715160207242358,0,10.121819546853116,12.547034787424238,17.04782824363323
2023-01-01,2023,1,38630,28840,37300,27790,13651.550011885129,258115.284411936,133.11771571307182,3.8503666666666665,210360.0,0,25396342.0,51468.0,0,105.75208360971588,4.661097520897444,113.72574751892144,4.733789826474004,0,10.269518591398885,12.256575627703281,17.05011570586947
2023-04-01,2023,2,72980,53690,40730,31380,13856.74127583021,261994.917230621,135.11855754545473,4.4447,196340.0,0,25452295.19276798,55431.0,0,104.78849353593016,4.6519439713546005,112.62342021308638,4.724049688865296,0,10.890982043416615,12.187603129246513,17.05231648128611
2023-07-01,2023,3,21990,17530,40470,32500,13760.81984969816,260181.292685004,134.1832175200714,5.1591,229220.0,0,25507967.80483874,55852.0,0,103.60774948670121,4.640612129023038,112.69678835215042,4.72470092332069,0,9.77166897791528,12.34243752005069,17.05450142425713
2023-10-01,2023,4,17000,12800,44770,33310,13706.626926719864,259156.645541238,133.65477656586438,5.25,221990.0,0,25563242.39403718,57102.0,0,102.61861172343275,4.6310193170987155,111.42243137446938,4.713328666060462,0,9.457200449907708,12.310387614794813,17.056666033655098
2024-01-01,2024,1,24480,17100,34360,24970,13793.048309033016,260790.648980819,134.4974806538454,5.25,192480.0,0,25617413.0,52705.0,0,102.81825117007462,4.632962877827532,112.21371205814398,4.720405196478356,0,9.746833742490752,12.167747531208505,17.058782873534305
2024-04-01,2024,2,27340,18690,44630,34720,14016.33869342106,265012.489066567,136.67480893411778,5.25,218610.0,0,25674898.416666668,52510.0,0,103.03851673790396,4.635102867239857,112.87387272473046,4.726271024752444,0,9.835743900449609,12.295044599332437,17.06102435726344
2024-07-01,2024,3,30750,21440,34000,26100,14102.424363297396,266640.145057614,137.51423945443165,5.083333333333333,249740.0,0,25732383.833333332,49103.0,0,103.17867428800183,4.6364621871974405,112.51251198468162,4.723064433101866,0,9.973013615184739,12.428175655669136,17.063260827977764
2024-10-01,2024,4,25570,18780,40850,29910,14201.744951114779,268518.038904842,138.482725066836,4.8492,267750.0,0,25789869.25,53754.0,0,102.82513725723796,4.6330298489781105,111.93678785843755,4.717934317843686,0,9.840547752762253,12.497808988309995,17.06549230805018
2025-01-01,2025,1,29220,21960,32560,23690,14325.996626122378,270867.314731054,139.69431636131426,4.595833333333333,299210.0,0,25847354.666666668,45413.0,0,103.0108223954898,4.634834054510852,112.32149451328091,4.721365246040839,0,9.996977895623466,12.608900946983834,17.067718819704154
2025-04-01,2025,2,31770,23400,37000,27900,14425.606527523709,272750.678745255,140.66562310123797,4.3500000000000005,191210.0,0,25904840.083333332,50705.0,0,101.89850347692311,4.623977253927736,111.28306924274061,4.71207712849598,0,10.060491301345794,12.161127579487005,17.069940385015034
2025-07-01,2025,3,31420,23270,30880,23170,14429.199396333346,272818.61054449,140.70065754702466,4.1000000000000005,259730.0,0,25962325.5,49260.0,0,101.38525041476993,4.618927621156421,111.39147404302906,4.713050789941541,0,10.054920256296338,12.467397908884436,17.07215702591137
