Date,SUM,England,Wales,Scotland
1975Q1,28800.0,,,
1975Q2,41600.0,,,
1975Q3,41400.0,,,
1975Q4,37400.0,,,
1976Q1,37200.0,,,
1976Q2,46500.0,,,
1976Q3,42800.0,,,
1976Q4,28100.0,,,
1977Q1,26200.0,,,
1977Q2,38100.0,,,
1977Q3,39100.0,,,
1977Q4,31400.0,,,
1978Q1,30390.0,25880.0,1490.0,3020.0
1978Q2,46510.0,39760.0,2110.0,4640.0
1978Q3,41310.0,34490.0,1780.0,5040.0
1978Q4,39100.0,33450.0,1790.0,3860.0
1979Q1,23320.0,19060.0,1460.0,2800.0
1979Q2,40050.0,33300.0,2100.0,4650.0
1979Q3,41250.0,34260.0,2550.0,4440.0
1979Q4,39390.0,34510.0,1470.0,3410.0
1980Q1,24530.0,20470.0,1300.0,2760.0
1980Q2,29440.0,25210.0,1480.0,2750.0
1980Q3,23370.0,20120.0,1030.0,2220.0
1980Q4,20670.0,17500.0,1220.0,1950.0
1981Q1,26290.0,22790.0,830.0,2670.0
1981Q2,32240.0,27720.0,1330.0,3190.0
1981Q3,32080.0,27830.0,1340.0,2910.0
1981Q4,24520.0,21270.0,990.0,2260.0
1982Q1,31770.0,27730.0,980.0,3060.0
1982Q2,38120.0,33340.0,1420.0,3360.0
1982Q3,38000.0,33340.0,1650.0,3010.0
1982Q4,32140.0,28050.0,1390.0,2700.0
1983Q1,39890.0,34450.0,1720.0,3720.0
1983Q2,47850.0,41890.0,1730.0,4230.0
1983Q3,43730.0,38600.0,1450.0,3680.0
1983Q4,37780.0,32900.0,1320.0,3560.0
1984Q1,37090.0,31910.0,1280.0,3900.0
1984Q2,43670.0,37980.0,1620.0,4070.0
1984Q3,40180.0,34830.0,1380.0,3970.0
1984Q4,32700.0,28690.0,1330.0,2680.0
1985Q1,33640.0,28470.0,1710.0,3460.0
1985Q2,45460.0,39720.0,2180.0,3560.0
1985Q3,44650.0,39110.0,1600.0,3940.0
1985Q4,38690.0,33810.0,1740.0,3140.0
1986Q1,35890.0,30860.0,1440.0,3590.0
1986Q2,50150.0,44470.0,2110.0,3570.0
1986Q3,49990.0,43910.0,2160.0,3920.0
1986Q4,39650.0,34750.0,1480.0,3420.0
1987Q1,44270.0,39030.0,1890.0,3350.0
1987Q2,51080.0,44760.0,2470.0,3850.0
1987Q3,53200.0,47370.0,2630.0,3200.0
1987Q4,44520.0,40040.0,1820.0,2660.0
1988Q1,51200.0,45040.0,2390.0,3770.0
1988Q2,61290.0,54280.0,2980.0,4030.0
1988Q3,55970.0,49640.0,2720.0,3610.0
1988Q4,50750.0,44520.0,2640.0,3590.0
1989Q1,46690.0,40220.0,2170.0,4300.0
1989Q2,50010.0,41780.0,3110.0,5120.0
1989Q3,40280.0,33390.0,2670.0,4220.0
1989Q4,32450.0,26070.0,2010.0,4370.0
1990Q1,35980.0,29470.0,1970.0,4540.0
1990Q2,37390.0,30440.0,2140.0,4810.0
1990Q3,34350.0,28310.0,1960.0,4080.0
1990Q4,29330.0,24510.0,1610.0,3210.0
1991Q1,32010.0,25700.0,1560.0,4750.0
1991Q2,38350.0,32500.0,1960.0,3890.0
1991Q3,36510.0,31460.0,1850.0,3200.0
1991Q4,29740.0,24650.0,1340.0,3750.0
1992Q1,32040.0,26940.0,1550.0,3550.0
1992Q2,34800.0,28910.0,1640.0,4250.0
1992Q3,29770.0,24510.0,1420.0,3840.0
1992Q4,23550.0,19230.0,1400.0,2920.0
1993Q1,34910.0,29110.0,1860.0,3940.0
1993Q2,38690.0,31560.0,2020.0,5110.0
1993Q3,36000.0,30130.0,1860.0,4010.0
1993Q4,31310.0,25660.0,1560.0,4090.0
1994Q1,39280.0,32590.0,1860.0,4830.0
1994Q2,44380.0,36980.0,1890.0,5510.0
1994Q3,41020.0,33470.0,1810.0,5740.0
1994Q4,34270.0,28360.0,1750.0,4160.0
1995Q1,35470.0,29220.0,1700.0,4550.0
1995Q2,39370.0,33040.0,1990.0,4340.0
1995Q3,33890.0,27280.0,1570.0,5040.0
1995Q4,25990.0,20870.0,1510.0,3610.0
1996Q1,33280.0,26960.0,1380.0,4940.0
1996Q2,37720.0,31590.0,1780.0,4350.0
1996Q3,39160.0,33100.0,1950.0,4110.0
1996Q4,35540.0,29940.0,1590.0,4010.0
1997Q1,42510.0,35320.0,1740.0,5450.0
1997Q2,42510.0,35360.0,2280.0,4870.0
1997Q3,41520.0,34340.0,1920.0,5260.0
1997Q4,36490.0,31060.0,1560.0,3870.0
1998Q1,41870.0,35530.0,1800.0,4540.0
1998Q2,40580.0,34770.0,2030.0,3780.0
1998Q3,40620.0,34240.0,2050.0,4330.0
1998Q4,32040.0,27270.0,1520.0,3250.0
1999Q1,40410.0,32760.0,2020.0,5630.0
1999Q2,40780.0,34240.0,2300.0,4240.0
1999Q3,40410.0,33540.0,2260.0,4610.0
1999Q4,35700.0,29750.0,1860.0,4090.0
2000Q1,42640.0,35210.0,2010.0,5420.0
2000Q2,41730.0,34970.0,2280.0,4480.0
2000Q3,40250.0,32830.0,2570.0,4850.0
2000Q4,30900.0,25460.0,1460.0,3980.0
2001Q1,39340.0,33020.0,2010.0,4310.0
2001Q2,42940.0,35720.0,2410.0,4810.0
2001Q3,42880.0,35390.0,2340.0,5150.0
2001Q4,34930.0,29190.0,1620.0,4120.0
2002Q1,41520.0,35070.0,2010.0,4440.0
2002Q2,42440.0,34840.0,2550.0,5050.0
2002Q3,44280.0,36650.0,2480.0,5150.0
2002Q4,35460.0,29410.0,1820.0,4230.0
2003Q1,44100.0,37790.0,2160.0,4150.0
2003Q2,45630.0,37580.0,2570.0,5480.0
2003Q3,44920.0,36540.0,2520.0,5860.0
2003Q4,40780.0,33480.0,2150.0,5150.0
2004Q1,46340.0,38210.0,2240.0,5890.0
2004Q2,51200.0,43020.0,1970.0,6210.0
2004Q3,49940.0,41310.0,2570.0,6060.0
2004Q4,41610.0,34610.0,2140.0,4860.0
2005Q1,43260.0,35380.0,2410.0,5470.0
2005Q2,48730.0,40820.0,2220.0,5690.0
2005Q3,47310.0,39940.0,2330.0,5040.0
2005Q4,43430.0,36660.0,1680.0,5090.0
2006Q1,50700.0,42900.0,2390.0,5410.0
2006Q2,49750.0,38900.0,2530.0,8320.0
2006Q3,43830.0,36420.0,2320.0,5090.0
2006Q4,38050.0,30990.0,1940.0,5120.0
2007Q1,49870.0,43040.0,1950.0,4880.0
2007Q2,49990.0,41470.0,2740.0,5780.0
2007Q3,47620.0,40440.0,2400.0,4780.0
2007Q4,43430.0,34950.0,2750.0,5730.0
2008Q1,35410.0,29290.0,1850.0,4270.0
2008Q2,33300.0,25400.0,1840.0,6060.0
2008Q3,19810.0,15670.0,1200.0,2940.0
2008Q4,15320.0,12010.0,620.0,2690.0
2009Q1,15360.0,12490.0,800.0,2070.0
2009Q2,18770.0,15360.0,1010.0,2400.0
2009Q3,23810.0,20160.0,1100.0,2550.0
2009Q4,20380.0,16990.0,1000.0,2390.0
2010Q1,24820.0,21260.0,1280.0,2280.0
2010Q2,28780.0,24930.0,1380.0,2470.0
2010Q3,26300.0,22400.0,1220.0,2680.0
2010Q4,18990.0,16270.0,1080.0,1640.0
2011Q1,24520.0,21120.0,1330.0,2070.0
2011Q2,25960.0,23390.0,,2570.0
2011Q3,26270.0,23660.0,,2610.0
2011Q4,22350.0,19620.0,,2730.0
2012Q1,23310.0,20630.0,,2680.0
2012Q2,22800.0,19820.0,,2980.0
2012Q3,24610.0,22230.0,,2380.0
2012Q4,20220.0,17580.0,,2640.0
2013Q1,25160.0,22350.0,,2810.0
2013Q2,29360.0,26420.0,,2940.0
2013Q3,31100.0,28370.0,,2730.0
2013Q4,24200.0,21680.0,,2520.0
2014Q1,34610.0,30870.0,,3740.0
2014Q2,33320.0,30170.0,,3150.0
2014Q3,32240.0,29220.0,,3020.0
2014Q4,24830.0,21530.0,,3300.0
2015Q1,36990.0,33630.0,,3360.0
2015Q2,34900.0,30450.0,,4450.0
2015Q3,34460.0,30810.0,,3650.0
2015Q4,28550.0,25700.0,,2850.0
2016Q1,33270.0,30500.0,,2770.0
2016Q2,37060.0,33490.0,,3570.0
2016Q3,39570.0,35870.0,,3700.0
2016Q4,31540.0,28300.0,,3240.0
2017Q1,37840.0,34940.0,,2900.0
2017Q2,40110.0,35730.0,,4380.0
2017Q3,37180.0,34020.0,,3160.0
2017Q4,33820.0,30610.0,,3210.0
2018Q1,37930.0,34990.0,,2940.0
2018Q2,38710.0,34720.0,,3990.0
2018Q3,43240.0,39380.0,,3860.0
2018Q4,33970.0,29100.0,,4870.0
2019Q1,36180.0,31900.0,,4280.0
2019Q2,36470.0,31830.0,,4640.0
2019Q3,40100.0,35350.0,,4750.0
2019Q4,28460.0,23980.0,,4480.0
2020Q1,31650.0,28050.0,,3600.0
2020Q2,14720.0,13560.0,,1160.0
2020Q3,35130.0,31460.0,,3670.0
2020Q4,33580.0,29380.0,,4200.0
2021Q1,42030.0,37160.0,,4870.0
2021Q2,42540.0,37720.0,,4820.0
2021Q3,41620.0,38530.0,,3090.0
2021Q4,32310.0,28770.0,,3540.0
2022Q1,39550.0,35670.0,,3880.0
2022Q2,51680.0,46910.0,,4770.0
2022Q3,39570.0,35310.0,,4260.0
2022Q4,28520.0,24880.0,,3640.0
2023Q1,31840.0,28840.0,,3000.0
2023Q2,57510.0,53690.0,,3820.0
2023Q3,20930.0,17530.0,,3400.0
2023Q4,15750.0,12800.0,,2950.0
2024Q1,20070.0,17100.0,,2970.0
2024Q2,21510.0,18690.0,,2820.0
2024Q3,24980.0,21440.0,,3540.0
2024Q4,21750.0,18780.0,,2970.0
2025Q1,25220.0,21960.0,,3260.0
2025Q2,26580.0,23360.0,,3220.0
2025Q3,25400.0,22880.0,,2520.0
2025Q4,28310.0,25380.0,,2930.0
